{"cameraMode":{"drawMode":0,"name":"Shaded","section":"Shading Mode"},"sceneLighting":true,"audioPlay":false,"sceneViewState":{"m_AlwaysRefresh":false,"showFog":true,"showSkybox":true,"showFlares":true,"showImageEffects":true,"showParticleSystems":true,"showVisualEffectGraphs":true,"m_FxEnabled":true},"in2DMode":false,"pivot":{"x":0.1743677258491516,"y":1.3305983543395997,"z":0.09336978197097779},"rotation":{"x":0.029439084231853486,"y":0.4342081844806671,"z":0.01419907622039318,"w":-0.9002304077148438},"size":0.8225131630897522,"orthographic":false}