{"cameraMode":{"drawMode":0,"name":"Shaded","section":"Shading Mode"},"sceneLighting":true,"audioPlay":false,"sceneViewState":{"m_AlwaysRefresh":false,"showFog":true,"showSkybox":true,"showFlares":true,"showImageEffects":true,"showParticleSystems":true,"showVisualEffectGraphs":true,"m_FxEnabled":true},"in2DMode":false,"pivot":{"x":-0.9730991721153259,"y":0.6218936443328857,"z":4.5185065269470219},"rotation":{"x":0.21800366044044496,"y":-0.5141077637672424,"z":0.13698792457580567,"w":0.8181976079940796},"size":3.723752498626709,"orthographic":false}