{"cameraMode":{"drawMode":0,"name":"Shaded","section":"Shading Mode"},"sceneLighting":true,"audioPlay":false,"sceneViewState":{"m_AlwaysRefresh":false,"showFog":true,"showSkybox":true,"showFlares":true,"showImageEffects":true,"showParticleSystems":true,"showVisualEffectGraphs":true,"m_FxEnabled":true},"in2DMode":false,"pivot":{"x":719.1217041015625,"y":216.0896453857422,"z":67.82007598876953},"rotation":{"x":0.036310866475105289,"y":-0.02700560726225376,"z":0.0004467890248633921,"w":0.9992138147354126},"size":649.7512817382813,"orthographic":false}