{"cameraMode":{"drawMode":0,"name":"Shaded","section":"Shading Mode"},"sceneLighting":true,"audioPlay":false,"sceneViewState":{"m_AlwaysRefresh":false,"showFog":true,"showSkybox":true,"showFlares":true,"showImageEffects":true,"showParticleSystems":true,"showVisualEffectGraphs":true,"m_FxEnabled":true},"in2DMode":false,"pivot":{"x":34.86000061035156,"y":1.8499999046325684,"z":-4.789999961853027},"rotation":{"x":0.10707896202802658,"y":0.5218122601509094,"z":-0.06640741974115372,"w":0.8439388275146484},"size":23.509824752807618,"orthographic":false}