{"cameraMode":{"drawMode":0,"name":"Shaded","section":"Shading Mode"},"sceneLighting":true,"audioPlay":false,"sceneViewState":{"m_AlwaysRefresh":false,"showFog":true,"showSkybox":true,"showFlares":true,"showImageEffects":true,"showParticleSystems":true,"showVisualEffectGraphs":true,"m_FxEnabled":true},"in2DMode":false,"pivot":{"x":20.37122344970703,"y":-5.441869735717773,"z":51.845420837402347},"rotation":{"x":0.12649470567703248,"y":0.7267156839370728,"z":-0.13937480747699738,"w":0.6609499454498291},"size":22.667482376098634,"orthographic":false}